{
  "hash": "571dfcc5",
  "configHash": "c107ac6d",
  "lockfileHash": "a5bfb484",
  "browserHash": "f4aa5a7d",
  "optimized": {
    "@angular/core": {
      "src": "../../../../../../node_modules/@angular/core/fesm2022/core.mjs",
      "file": "@angular_core.js",
      "fileHash": "41fdaaef",
      "needsInterop": false
    },
    "@angular/platform-browser": {
      "src": "../../../../../../node_modules/@angular/platform-browser/fesm2022/platform-browser.mjs",
      "file": "@angular_platform-browser.js",
      "fileHash": "f0a9ed81",
      "needsInterop": false
    },
    "@angular/router": {
      "src": "../../../../../../node_modules/@angular/router/fesm2022/router.mjs",
      "file": "@angular_router.js",
      "fileHash": "e0bb61f2",
      "needsInterop": false
    }
  },
  "chunks": {
    "chunk-SQLZZQMT": {
      "file": "chunk-SQLZZQMT.js"
    },
    "chunk-YIVJ2BNJ": {
      "file": "chunk-YIVJ2BNJ.js"
    }
  }
}